record_num,id,precursor,title,authors,year,journal,doi
4,41540253,both,The differential impact of three different NAD(+) boosters on circulatory NAD and  microbial metabolism in humans.,Christen S; Redeuil K; Goulet L...,2026,Nature metabolism,10.1038/s42255-025-01421-8
7,41162813,NMN,"Association between blood nicotinamide adenine dinucleotide levels and blood  laboratory parameters at baseline and after nicotinamide mononucleotide supplementation in middle-aged healthy individuals: post hoc analysis of a randomized, double-blinded, placebo-controlled clinical trial.",Kuerec AH; Wang W; Fokke KDM...,2025,GeroScience,10.1007/s11357-025-01968-0
8,40943905,NR,Next-Gen Neuroprotection in Glaucoma: Synergistic Molecules for Targeted Therapy.,Martucci A; Cesareo M; Pinazo-Duran MD...,2025,Journal of clinical medicine,10.3390/jcm14176145
9,40770531,NR,Nicotinamide riboside combined with exercise to treat hypertension in middle-aged  and older adults: a pilot randomized clinical trial.,Lin Y; Zeidan RS; Lapierre-Nguyen S...,2025,GeroScience,10.1007/s11357-025-01815-2
14,39847432,NR,A Pilot Trial of Nicotinamide Riboside and Coenzyme Q10 on Inflammation and  Oxidative Stress in CKD.,Ahmadi A; Valencia AP; Begue G...,2025,Clinical journal of the American Society of Nephrology : CJASN,10.2215/CJN.0000000624
15,39817194,NR,Cognitive and Alzheimer's disease biomarker effects of oral nicotinamide riboside  (NR) supplementation in older adults with subjective cognitive decline and mild cognitive impairment.,Wu CY; Kupferschmid AC; Chen L...,2025,"Alzheimer's & dementia (New York, N. Y.)",10.1002/trc2.70023
16,39816194,NR,"Multi-omics characterization of improved cognitive functions in Parkinson's  disease patients after the combined metabolic activator treatment: a randomized, double-blinded, placebo-controlled phase II trial.",Yulug B; Altay O; Li X...,2025,Brain communications,10.1093/braincomms/fcae478
18,39548320,NR,"Effect of nicotinamide riboside on airway inflammation in COPD: a randomized,  placebo-controlled trial.",Norheim KL; Ben Ezra M; Heckenbach I...,2024,Nature aging,10.1038/s43587-024-00758-1
20,39387327,NR,Feasibility of telehealth exercise and nicotinamide riboside supplementation in  survivors of childhood cancer at risk for diabetes: A pilot randomized controlled trial.,Bhandari R; Lukas K; Lee K...,2025,Pediatric blood & cancer,10.1002/pbc.31369
21,39228730,NR,Randomized Crossover Clinical Trial of Nicotinamide Riboside and Coenzyme Q10 on  Metabolic Health and Mitochondrial Bioenergetics in CKD.,Ahmadi A; Valencia AP; Begue G...,2024,medRxiv : the preprint server for health sciences,10.1101/2024.08.23.24312501
27,38789831,NMN,"Ingestion of beta-nicotinamide mononucleotide increased blood NAD levels, maintained  walking speed, and improved sleep quality in older adults in a double-blind randomized, placebo-controlled study.",Morifuji M; Higashi S; Ebihara S...,2024,GeroScience,10.1007/s11357-024-01204-1
28,38430946,NMN,Towards personalized nicotinamide mononucleotide (NMN) supplementation:  Nicotinamide adenine dinucleotide (NAD) concentration.,Kuerec AH; Wang W; Yi L...,2024,Mechanisms of ageing and development,10.1016/j.mad.2024.111917
30,38016950,NR,"NR-SAFE: a randomized, double-blind safety trial of high dose nicotinamide  riboside in Parkinson's disease.",Berven H; Kverneng S; Sheard E...,2023,Nature communications,10.1038/s41467-023-43514-6
31,37994989,NR,A randomized placebo-controlled trial of nicotinamide riboside in older adults  with mild cognitive impairment.,Orr ME; Kotkowski E; Ramirez P...,2024,GeroScience,10.1007/s11357-023-00999-9
33,37810917,NR,Effect of the Mediterranean diet supplemented with nicotinamide riboside and  pterostilbene and/or coconut oil on anthropometric variables in amyotrophic lateral sclerosis. A pilot study.,Carrera-Julia S; Estrela JM; Zacares M...,2023,Frontiers in nutrition,10.3389/fnut.2023.1232184
35,37271226,both,The acute effect of different NAD(+) precursors included in the combined  metabolic activators.,Li X; Yang H; Jin H...,2023,Free radical biology & medicine,10.1016/j.freeradbiomed.2023.05.032
36,37159264,NR,Randomized crossover clinical trial of coenzyme Q10 and nicotinamide riboside in  chronic kidney disease.,Ahmadi A; Begue G; Valencia AP...,2023,JCI insight,10.1172/jci.insight.167274
37,36936793,NR,Nicotinamide riboside supplementation is not associated with altered methylation  homeostasis in Parkinson's disease.,Gaare JJ; Dolle C; Brakedal B...,2023,iScience,10.1016/j.isci.2023.106278
38,36797393,NMN,"Nicotinamide adenine dinucleotide metabolism and arterial stiffness after  long-term nicotinamide mononucleotide supplementation: a randomized, double-blind, placebo-controlled trial.",Katayoshi T; Uehata S; Nakashima N...,2023,Scientific reports,10.1038/s41598-023-29787-3
41,36740954,NMN,Nicotinamide Adenine Dinucleotide Augmentation in Overweight or Obese Middle-Aged  and Older Adults: A Physiologic Study.,Pencina KM; Valderrabano R; Wipper B...,2023,The Journal of clinical endocrinology and metabolism,10.1210/clinem/dgad027
43,36515353,NR,Oral nicotinamide riboside raises NAD+ and lowers biomarkers of neurodegenerative  pathology in plasma extracellular vesicles enriched for neuronal origin.,Vreones M; Mustapic M; Moaddel R...,2023,Aging cell,10.1111/acel.13754
46,36082508,NR,"Nicotinamide riboside and pterostilbene reduces markers of hepatic inflammation  in NAFLD: A double-blind, placebo-controlled clinical trial.",Dellinger RW; Holmes HE; Hu-Seliger T...,2023,"Hepatology (Baltimore, Md.)",10.1002/hep.32778
48,35927255,NMN,Chronic nicotinamide mononucleotide supplementation elevates blood nicotinamide  adenine dinucleotide levels and alters muscle function in healthy older men.,Igarashi M; Nakagawa-Nagahama Y; Miura M...,2022,npj aging,10.1038/s41514-022-00084-z
53,35235774,NR,The NADPARK study: A randomized phase I trial of nicotinamide riboside  supplementation in Parkinson's disease.,Brakedal B; Dolle C; Riemer F...,2022,Cell metabolism,10.1016/j.cmet.2022.02.001
54,35182418,both,"MIB-626, an Oral Formulation of a Microcrystalline Unique Polymorph of  beta-Nicotinamide Mononucleotide, Increases Circulating Nicotinamide Adenine Dinucleotide and its Metabolome in Middle-Aged and Older Adults.",Pencina KM; Lavu S; Dos Santos M...,2023,"The journals of gerontology. Series A, Biological sciences and medical sciences",10.1093/gerona/glac049
55,35173682,both,NAD+-Increasing Strategies to Improve Cardiometabolic Health?,Blanco-Vaca F; Rotllan N; Canyelles M...,2021,Frontiers in endocrinology,10.3389/fendo.2021.815565
58,34326209,NMN,"Response to Comment on ""Nicotinamide mononucleotide increases muscle insulin  sensitivity in prediabetic women"".",Klein S; Yoshino M,2021,"Science (New York, N.Y.)",10.1126/science.abj7375
61,34180141,NR,Combined Metabolic Activators Accelerates Recovery in Mild-to-Moderate COVID-19.,Altay O; Arif M; Li X...,2021,"Advanced science (Weinheim, Baden-Wurttemberg, Germany)",10.1002/advs.202101222
63,33524145,NR,Nicotinamide Riboside Enhances In Vitro Beta-adrenergic Brown Adipose Tissue  Activity in Humans.,Nascimento EBM; Moonen MPB; Remie CME...,2021,The Journal of clinical endocrinology and metabolism,10.1210/clinem/dgaa960
67,32758058,both,Modulation of Energy Sensing by Leucine Synergy with Natural Sirtuin Activators:  Effects on Health Span.,Zemel MB,2020,Journal of medicinal food,10.1089/jmf.2020.0105
68,32320006,NR,Nicotinamide riboside supplementation alters body composition and skeletal muscle  acetylcarnitine concentrations in healthy obese humans.,Remie CME; Roumans KHM; Moonen MPB...,2020,The American journal of clinical nutrition,10.1093/ajcn/nqaa072
69,31710095,NR,"Nicotinamide riboside does not alter mitochondrial respiration, content or  morphology in skeletal muscle from obese and insulin-resistant men.",Dollerup OL; Chubanava S; Agerholm M...,2020,The Journal of physiology,10.1113/JP278752
70,31685720,NMN,Effect of oral administration of nicotinamide mononucleotide on clinical  parameters and nicotinamide metabolite levels in healthy Japanese men.,Irie J; Inagaki E; Fujita M...,2020,Endocrine journal,10.1507/endocrj.EJ19-0313
71,31412242,NR,Nicotinamide Riboside Augments the Aged Human Skeletal Muscle NAD(+) Metabolome  and Induces Transcriptomic and Anti-inflammatory Signatures.,Elhassan YS; Kluckova K; Fletcher RS...,2019,Cell reports,10.1016/j.celrep.2019.07.043
72,31390002,NR,Effects of Nicotinamide Riboside on Endocrine Pancreatic Function and Incretin  Hormones in Nondiabetic Men With Obesity.,Dollerup OL; Trammell SAJ; Hartmann B...,2019,The Journal of clinical endocrinology and metabolism,10.1210/jc.2019-01081
73,31278280,NR,"Safety and Metabolism of Long-term Administration of NIAGEN (Nicotinamide  Riboside Chloride) in a Randomized, Double-Blind, Placebo-controlled Clinical Trial of Healthy Overweight Adults.",Conze D; Brenner C; Kruger CL,2019,Scientific reports,10.1038/s41598-019-46120-z
74,30725213,NR,Acute nicotinamide riboside supplementation improves redox homeostasis and  exercise performance in old individuals: a double-blind cross-over study.,Dolopikou CF; Kourtzidis IA; Margaritelis NV...,2020,European journal of nutrition,10.1007/s00394-019-01919-4
76,29992272,NR,"A randomized placebo-controlled clinical trial of nicotinamide riboside in obese  men: safety, insulin-sensitivity, and lipid-mobilizing effects.",Dollerup OL; Christensen B; Svart M...,2018,The American journal of clinical nutrition,10.1093/ajcn/nqy132
77,29599478,NR,Chronic nicotinamide riboside supplementation is well-tolerated and elevates  NAD(+) in healthy middle-aged and older adults.,Martens CR; Denman BA; Mazzo MR...,2018,Nature communications,10.1038/s41467-018-03421-7
78,29211728,both,"An open-label, non-randomized study of the pharmacokinetics of the nutritional  supplement nicotinamide riboside (NR) and its effects on blood NAD+ levels in healthy volunteers.",Airhart SE; Shireman LM; Risler LJ...,2017,PloS one,10.1371/journal.pone.0186459
79,25352640,unclear,Evidence for a direct effect of the NAD+ precursor acipimox on muscle  mitochondrial function in humans.,van de Weijer T; Phielix E; Bilet L...,2015,Diabetes,10.2337/db14-0667
80,15203886,unclear,Nicotinamide effects oxidative burst activity of neutrophils in patients with  poorly controlled type 2 diabetes mellitus.,Osar Z; Samanci T; Demirel GY...,2004,Experimental diabesity research,10.1080/15438600490424244
82,CN-02824486,both,Tracing the Metabolic Flux of Orally Administered NAD+ Precursors,"NCT06882096,",2025,https://clinicaltrials.gov/ct2/show/NCT06882096,
85,CN-02932080,NR,Individualized exercise and NAD+ precursor supplementation in Friedreich’s Ataxia: a randomized controlled trial,"Lin, KY; Bucha, A; McSweeney, K...",2025,SSRN,10.2139/ssrn.5698224
93,CN-02838583,NMN,The Impact of Nicotinamide Mononucleotide Sustained-release Tablets on Immunosenescence and Metablism in Middle-aged and Elderly Individuals with Metabolic Disorders,"NCT06907329,",2025,https://clinicaltrials.gov/ct2/show/NCT06907329,
102,CN-02230105,NR,Baseline characteristics of a clinical trial of nicotinamide riboside supplementation on brain function in older adults with mild cognitive impairment,"Koleti, M; Bair-Kelps, D; Romo, T...",2020,Journal of the American Geriatrics Society,10.1111/jgs.16431
110,CN-02214962,NR,"Nicotinamide riboside with pterostilbene increases NAD+ in patients with AKI: a randomized, double-blind, placebo-controlled, stepwise safety study of NRPT in patients with AKI","Simic, P; Parada, XF; Parikh, SM...",2020,Journal of the American Society of Nephrology: JASN,
114,CN-02948220,NR,Developing Topics,"Martens, CR; Decker, KP; DeConne, TM...",2025,Alzheimer's &amp; dementia,10.1002/alz70861_108851
115,CN-02297336,NR,Inflammation in COPD and the Effect of Nicotinamide Riboside,"NCT04990869,",2021,https://clinicaltrials.gov/ct2/show/NCT04990869,
120,CN-01004275,unclear,Nicotinamide for skin cancer chemoprevention,"Chen, AC; Martin, AJ; Halliday, GM...",2012,Asia-Pacific journal of clinical oncology,10.1111/ajco.12030
121,CN-02125004,NR,Effects of Nicotinamide Riboside on the Clinical Outcome of Covid-19 in the Elderly,"NCT04407390,",2020,https://clinicaltrials.gov/show/NCT04407390,
130,CN-02179127,unclear,Improvement in inner retinal function in glaucoma in response to nicotinamide (Vitamin B3) supplementation: a crossover randomized clinical trial,"Hui, F; Tang, J; Williams, P...",2020,Investigative ophthalmology &amp; visual science,
131,CN-02599768,NR,"Effect of Nicotinamide Riboside on Ketosis, Fat Oxidation &amp; Metabolic Rate","NCT06044935,",2023,https://clinicaltrials.gov/study/NCT06044935,
134,CN-02885480,unclear,Effect of Sevelamer versus Bifidobacterium longum on Insulin Sensitivity in Subjects with Obesity,"Baeuerle, E; Semwal, MK; Nie, J...",2025,medRxiv: the preprint server for health sciences,10.1101/2025.06.23.25327556
142,CN-02737221,NR,"Randomized, placebo-controlled, pilot clinical study evaluating acute Niagen®+ IV and NAD+ IV in healthy adults","Hawkins, J; Idoine, R; Kwon, J...",2024,medRxiv: the preprint server for health sciences,10.1101/2024.06.06.24308565
146,CN-01609303,NR,"A Study by ChromaDex to Assess the Effects of TRU NIAGEN on Cognitive Function, Mood and Sleep in Older Adults","NCT03562468,",2018,https://clinicaltrials.gov/show/NCT03562468,
155,CN-01966126,NR,Metabolic Cofactor Supplementation in Alzheimer's Disease (AD) and Parkinson's Disease (PD) Patients,"NCT04044131,",2019,https://clinicaltrials.gov/show/NCT04044131,
159,CN-02565422,NMN,Metabolic Changes Induced by NMN in Healthy Subjects With Acute Binge Drink,"NCT05882214,",2023,https://clinicaltrials.gov/ct2/show/NCT05882214,
173,CN-02939587,NR,"Randomized, Open-label, Safety Study of Subcutaneous and Intramuscular Injections of Niagen® Plus","NCT07251608,",2025,https://clinicaltrials.gov/study/NCT07251608,
185,CN-01901955,NMN,Assessment of the safety of long-term nicotinamide mononucleotide (NMN) in healthy subjects; phase II study. The clinical trial to evaluate metabolic-syndrome-related parameters to develop NMN as Foods with Function Claims,"UMIN000030609,",2017,https://trialsearch.who.int/Trial2.aspx?TrialID=JPRN-UMIN000030609,
186,CN-02181681,NR,Metabolic Cofactor Supplementation and Hydroxychloroquine Combination in Covid-19 Patients,"NCT04573153,",2020,https://clinicaltrials.gov/ct2/show/NCT04573153,
188,CN-02760069,NR,NAD-HD: a RANDOMIZED CLINICAL TRIAL OF NICOTINAMIDE RIBOSIDE IN HUNTINGTON'S DISEASE,"Pihlstrom, L; Frich, J; Van Walsem, M",2024,"Journal of neurology, neurosurgery and psychiatry",10.1136/jnnp-2024-EHDN.333
189,CN-02507251,NR,Treatment With Nicotinamide Riboside Alters Systemic Mitochondrial Metabolism Without Impacting Exercise Capacity in Patients With CKD,"Ahmadi, A; Begue, G; Valencia, AP...",2022,Journal of the American Society of Nephrology: JASN,
192,CN-02544612,NMN,Effects of supplementation of ß-nicotinamide mononucleotide (NMN) on patients with non-alcoholic fatty liver (NAFLD),"ChiCTR2200057302,",2022,https://trialsearch.who.int/Trial2.aspx?TrialID=ChiCTR2200057302,
193,CN-02467196,NR,Nicotinamide Riboside in Ulcerative Colitis,"NCT05561738,",2022,https://clinicaltrials.gov/ct2/show/NCT05561738,
198,CN-02928861,NMN,Controlled-Ileocolonic-Release Nicotinamide (CICR-NAM): pharmacokinetics And Dose Finding,"Desaga, E; Waetzig, GH; Liu, S...",2025,Aktuelle Ernahrungsmedizin,10.1055/s-0045-1809104
199,CN-02865751,NR,"Skin-Condition-Improving Effects of a Formula Containing Ergothioneine, PQQ, and NR in Naturally Aging Asian Women: a Randomized Controlled Clinical Trial","Chen, L; Chen, L; Zhang, H...",2025,Current developments in nutrition,10.1016/j.cdnut.2025.106670
200,CN-02572901,NMN,"A Phase I, double-blind, randomised, placebo-controlled, single-ascending and multiple-ascending dose trial to evaluate the safety and pharmacokinetics of oral controlled-ileal-release nicotinic acid (CIR-NA) compared to immediate-release nicotinic acid and placebo in healthy subjects and subjects with prediabetes","DRKS00030865,",2022,https://trialsearch.who.int/Trial2.aspx?TrialID=DRKS00030865,
209,CN-02289611,NR,NR Supplementation and Exercise,"NCT04907110,",2021,https://clinicaltrials.gov/show/NCT04907110,
214,CN-02536207,NMN,NAD+ BIOLOGY AS A POTENTIAL THERAPEUTIC TARGET FOR DIABETIC NEUROPATHY,"Yoshino, J",2023,Journal of the peripheral nervous system,10.1111/jns.12527
216,CN-01966277,NR,Effect of Basis™ and High Intensity Interval Training (HIIT) on Muscle Metabolism and Exercise Performance,"NCT04050358,",2019,https://clinicaltrials.gov/show/NCT04050358,
227,CN-02679731,NR,The NADage Study: nicotinamide Riboside Replenishment Therapy Against Functional Decline in Aging,"NCT06208527,",2023,https://clinicaltrials.gov/ct2/show/NCT06208527,
232,CN-01111313,NMN,N(1)-methylnicotinamide as an endogenous probe for drug interactions by renal cation transporters: studies on the metformin-trimethoprim interaction,"Müller, F; Pontones, CA; Renner, B...",2015,European journal of clinical pharmacology,10.1007/s00228-014-1770-2
236,CN-02597671,NR,Double-blind Placebo Controlled Study to Evaluate the Effect of NAD+ Boosting With Nicotinamide Riboside on Immunometabolism and Immunity in Systemic Lupus Erythematosus,"NCT06032923,",2023,https://clinicaltrials.gov/ct2/show/NCT06032923,
247,CN-02070311,NR,Cross-over trial to verify safety and effectiveness of nicotinamide riboside for patients with Werner syndrome,"jRCTs031190141,",2019,https://trialsearch.who.int/Trial2.aspx?TrialID=JPRN-jRCTs031190141,
255,CN-02616656,NMN,A randomized controlled trial of long-term nicotinamide mononucleotide supplementation in healthy adults,"Naito, K; Katayoshi, T; Uehata, S...",2023,Annals of nutrition &amp; metabolism,10.1159/000530786
258,CN-01969353,NMN,"Randomized, double-blind, placebo-controlled parallel-group comparative study to evaluate the effect of nicotinamide mononucleotide (NMN) on the body composition in elderly persons","UMIN000036321,",2019,https://trialsearch.who.int/Trial2.aspx?TrialID=JPRN-UMIN000036321,
262,CN-02475434,NR,N-DOSE: a Dose Optimization Trial of Nicotinamide Riboside in Parkinson's Disease,"NCT05589766,",2022,https://clinicaltrials.gov/ct2/show/NCT05589766,
265,CN-02497267,NR,N-DOSE AD: a Dose Optimization Trial of Nicotinamide Riboside in Alzheimer's Disease,"NCT05617508,",2022,https://clinicaltrials.gov/study/NCT05617508,
266,CN-01660920,NR,Trial of Nicotinamide Riboside and Co-enzyme Q10 in Chronic Kidney Disease,"NCT03579693,",2018,https://clinicaltrials.gov/show/NCT03579693,
268,CN-02398435,NR,NR-SAFE: safety of High-dose Nicotinamide Riboside (NR) in Parkinson's Disease,"NCT05344404,",2022,https://clinicaltrials.gov/show/NCT05344404,
270,CN-02850624,NR,NADream: effects of Nicotinamide Adenine Dinucleotide Supplementation on Sleep Quality in Healthy Individuals,"NCT06971224,",2025,https://clinicaltrials.gov/study/NCT06971224,
274,CN-01663626,NR,Nicotinamide Riboside for Diabetic Neuropathy,"NCT03685253,",2018,https://clinicaltrials.gov/study/NCT03685253,
299,CN-02941650,NMN,The Role of Pyrroloquinoline Quinone in Sports Nutrition: an Acute Exhaustive Exercise,"ChiCTR2500112623,",2025,https://trialsearch.who.int/Trial2.aspx?TrialID=ChiCTR2500112623,
317,CN-02901111,NMN,Nicotinamide Mononucleotide Supplementation for Exercise Tolerance Improvement in Healthy Older Adults,"NCT07144527,",2025,https://clinicaltrials.gov/study/NCT07144527,
326,CN-02253228,NR,Nicotinamide Riboside in SARS-CoV-2 (COVID-19) Patients for Renal Protection,"NCT04818216,",2021,https://clinicaltrials.gov/ct2/show/NCT04818216,
335,CN-02632460,NR,The NADAPT Study: a Randomized Double-blind Trial of NAD Replenishment Therapy for Atypical Parkinsonism,"NCT06162013,",2023,https://clinicaltrials.gov/ct2/show/NCT06162013,
337,CN-02554354,NR,"Effect of nicotinamide riboside supplementation in dilated cardiomyopathy patients to CERP, Chromadex Inc. USA","CTRI/2023/04/051385,",2023,https://trialsearch.who.int/Trial2.aspx?TrialID=CTRI/2023/04/051385,
343,CN-01494715,NR,"Pharmacokinetics, Pharmacodynamics and Safety of Basis in Acute Kidney Injury Study","NCT03176628,",2017,https://clinicaltrials.gov/show/NCT03176628,
349,CN-01796136,NR,Nicotinamide Riboside for Treating Elevated Systolic Blood Pressure and Arterial Stiffness in Middle-aged and Older Adults,"NCT03821623,",2019,https://clinicaltrials.gov/ct2/show/NCT03821623,
353,CN-02307420,NR,The Effect of Exercise and Nicotinamide Riboside Muscle Health and Insulin Resistance in Survivors of Childhood Cancer,"NCT05023993,",2021,https://clinicaltrials.gov/study/NCT05023993,
357,CN-02945443,both,NAD Augmentation to Prevent or Reverse Alzheimer's Disease in People With Down Syndrome,"NCT07278492,",2025,https://clinicaltrials.gov/study/NCT07278492,
375,CN-01966040,NR,Nicotinamide Riboside Supplementation for Treating Arterial Stiffness and Elevated Systolic Blood Pressure in Patients With Moderate to Severe CKD,"NCT04040959,",2019,https://clinicaltrials.gov/ct2/show/NCT04040959,
394,CN-01260124,NR,The Effects of Nitrate-Rich Supplementation on Neuromuscular Efficiency during Heavy Resistance Exercise,"Flanagan, SD; Looney, DP; Miller, MJ...",2016,Journal of the American College of Nutrition,10.1080/07315724.2015.1081572
400,CN-01992471,NR,Nicotinamide Riboside as an Enhancer of Exercise Therapy in Hypertensive Older Adults (The NEET Trial),"NCT04112043,",2019,https://clinicaltrials.gov/ct2/show/NCT04112043,
409,CN-02476448,NR,Slow Age: interventions to Slow Aging in Humans,"NCT05593939,",2022,https://clinicaltrials.gov/show/NCT05593939,
434,CN-02408801,NMN,"A Randomized, Double Blind, Placebo-Controlled Study to Evaluate the Effect of Nicotinamide Mononucleotide (NMN) As an Adjuvant to Standard of Care (SOC) On Fatigue Associated with COVID-19 Infection","CTRI/2022/02/040399,",2022,https://trialsearch.who.int/Trial2.aspx?TrialID=CTRI/2022/02/040399,
435,CN-02848008,NR,"Qualia NAD+® Increases NAD+ In Human Participants: a Randomized, Double-Blind, Placebo-Controlled Study","Blomquist, SA; Kelly, G; Adaes, S...",2025,medRxiv: the preprint server for health sciences,10.1101/2025.03.19.25324259
445,CN-02159110,unclear,"Safety of NR-INF-02, an Extract of Curcuma Longa Containing Turmerosaccharides, in Healthy Volunteers: a Randomized, Open-label Clinical Trial","Selvi, M; Mohan Mv, R; Bethapudi, B...",2022,Alternative therapies in health and medicine,
467,CN-02558395,NMN,Parallel-group comparative study to evaluate the effect of high-dose nicotinamide mononucleotide (NMN) on aging,"JPRN-jRCTs031220373,",2022,https://trialsearch.who.int/Trial2.aspx?TrialID=JPRN-jRCTs031220373,
471,CN-02511816,NMN,"Effects of nicotinamide mononucleotide on older patients with diabetes and impaired physical performance: a prospective, placebo-controlled, double-blind study","Akasaka, H; Nakagami, H; Sugimoto, K...",2023,Geriatrics &amp; gerontology international,10.1111/ggi.14513
476,CN-02748260,NMN,An exploratory clinical trial on the effects of nicotinamide mononucleotide (NMN) intake and exercise on skeletal muscle mass and function in older adults,"JPRN-UMIN000054187,",2024,https://trialsearch.who.int/Trial2.aspx?TrialID=JPRN-UMIN000054187,
477,CN-02527085,NMN,"Impact of nicotinamide mononucleotide (NMN) for older diabetic patients with impaired physical performance: a prospective, placebo-controlled, doubleblind study","Akasaka, H; Nakagami, H; Sugimoto, K...",2022,European geriatric medicine,10.1007/s41999-022-00711-8
488,CN-02634873,NMN,"To Investigate the change in oral bioavailability of Nicotinamide Mononucleotide (NMN, 500mg) when 5mg Bioperine is added to NMN 500mg in normal healthy volunteers","CTRI/2023/11/059982,",2023,https://trialsearch.who.int/Trial2.aspx?TrialID=CTRI/2023/11/059982,
523,CN-01937237,NR,Impact of Acute Dietary Nitrate Supplementation during Exercise in Hypertensive Women,"Caldwell, JT; Sutterfield, SL; Post, HK...",2019,Medicine and science in sports and exercise,10.1249/MSS.0000000000001857
553,CN-02823693,NMN,"Evaluate the Safety, Tolerability, and Efficacy of UthPeak NMNH (Reduced Nicotinamide Mononucleotide) in Healthy Adult Participants","NCT06889740,",2025,https://clinicaltrials.gov/ct2/show/NCT06889740,
566,CN-02830688,NMN,Study on the relative bioavailability of liposome ß - nicotinamide mononucleotide,"ChiCTR2500096819,",2025,https://trialsearch.who.int/Trial2.aspx?TrialID=ChiCTR2500096819,
571,CN-02766984,NMN,Investigate the Efficacy of Using NMN to Improve Embryo Development Capacity,"NCT06629636,",2024,https://clinicaltrials.gov/ct2/show/NCT06629636,
661,CN-02759156,NR,Acute impact of inorganic nitrate supplementation after ischemia and during small muscle mass exercise in postmenopausal females: a pilot study,"Caldwell, JT; Koenke, A; Zimmerman, L...",2024,Physiological reports,10.14814/phy2.70076
682,CN-02922754,NMN,Clinical study investigating the effects of NMN/garlic extract supplements on sleep,"JPRN-UMIN000059201,",2025,https://trialsearch.who.int/Trial2.aspx?TrialID=JPRN-UMIN000059201,
790,CN-02829483,NMN,"A planned clinical study at a single center will investigate the pharmacokinetics of NMN and NAM in healthy adults. This study will be interventional, involving a single dose, multiple arms, and will be randomized, open-label, and cross-over in design","CTRI/2025/03/083101,",2025,https://trialsearch.who.int/Trial2.aspx?TrialID=CTRI/2025/03/083101,
835,CN-02253340,NMN,To Evaluate the Efficacy and Safety of NMN as an Anti-ageing Supplement in Middle Aged and Older (40-65 Years) Adults,"NCT04823260,",2021,https://clinicaltrials.gov/show/NCT04823260,
836,CN-02871066,NMN,Nicotinamide Mmononucleotide in Patients Undergoing CABG Surgery,"NCT07013591,",2025,https://clinicaltrials.gov/ct2/show/NCT07013591,
851,CN-02184687,NMN,Study on health promotion by exercise nutrition intervention: a randomized controlled trial,"ChiCTR2000035138,",2020,https://trialsearch.who.int/Trial2.aspx?TrialID=ChiCTR2000035138,
860,39661983,unclear,NAD+ metabolism restriction boosts high-dose melphalan efficacy in patients with multiple myeloma.,"Soncini, Debora; Becherini, Pamela; Ladisa, Francesco...",2025,Blood advances,https://dx.doi.org/10.1182/bloodadvances.2024013425
864,37364580,unclear,Nicotinamide Adenine Dinucleotide in Aging Biology: Potential Applications and Many Unknowns.,"Bhasin, Shalender; Seals, Douglas; Migaud, Marie...",2023,Endocrine reviews,https://dx.doi.org/10.1210/endrev/bnad019
934,WOS:001256220500001,NMN,Nicotinamide Mononucleotide Supplementation: Understanding Metabolic Variability and Clinical Implications,"Benjamin, C; Crews, R",2024,METABOLITES,10.3390/metabo14060341
936,WOS:001141896900001,NMN,"Safety and efficacy of long-term nicotinamide mononucleotide supplementation on metabolism, sleep, and nicotinamide adenine dinucleotide biosynthesis in healthy, middle-aged Japanese men","Yamaguchi, S; Irie, J; Mitsuishi, M...",2024,ENDOCRINE JOURNAL,10.1507/endocrj.EJ23-0431
938,WOS:000385540400001,NR,Nicotinamide riboside is uniquely and orally bioavailable in mice and humans,"Trammell, SAJ; Schmidt, MS; Weidemann, BJ...",2016,NATURE COMMUNICATIONS,10.1038/ncomms12948
940,WOS:000784891500005,NMN,"The role of nicotinamide mononucleotide (NMN) in anti-aging, longevity, and its potential for treating chronic conditions","Soma, M; Lalam, SK",2022,MOLECULAR BIOLOGY REPORTS,10.1007/s11033-022-07459-1
943,WOS:000769347500001,NMN,"Effect of 12-Week Intake of Nicotinamide Mononucleotide on Sleep Quality, Fatigue, and Physical Performance in Older Japanese Adults: A Randomized, Double-Blind Placebo-Controlled Study","Kim, M; Seol, J; Sato, T...",2022,NUTRIENTS,10.3390/nu14040755
948,WOS:001604050800001,NMN,Oral Supplementation of Nicotinamide Mononucleotide (NMN) Improves Hair Quality and Subjective Perception of Hair Appearance in Middle-Aged Women,"Fukumoto, S; Ito, M; Kunitomo, H...",2025,COSMETICS,10.3390/cosmetics12050204
949,WOS:001037141300007,NR,What is really known about the effects of nicotinamide riboside supplementation in humans,"Damgaard, MV; Treebak, JT",2023,SCIENCE ADVANCES,10.1126/sciadv.adi4862
950,WOS:001631606300001,NR,"Comparative efficacy of a standardized herbal composition LN22199, nicotinamide riboside, and their combination on NAD plus metabolism in healthy aging adults","Bandi, VK; Chundru, VK; Yarasani, A...",2025,JOURNAL OF FUNCTIONAL FOODS,10.1016/j.jff.2025.107115
954,WOS:001689847900001,both,Restoring NAD plus -Sirtuins Signaling: A Novel Approach to Combat Male Reproductive Aging,"Zhou, L; Lan, XC; Wang, MJ...",2026,WORLD JOURNAL OF MENS HEALTH,10.5534/wjmh.250248
967,WOS:001684106600001,NR,Hair growth enhancement via mitochondrial activation by Mito-activator complex,"Lee, IG; Lim, HJ; Kwon, EJ...",2026,INTERNATIONAL JOURNAL OF COSMETIC SCIENCE,10.1111/ics.70072
1042,"Export Date: 03 March 2026; Cited By: 6; Correspondence Address: Y. Yan; Institute of Microbiology, Guangxi Academy of Agricultural Sciences, Nanning, China; email: infungi@126.com; Y. Liao; Guangxi Veterinary Research Institute, Nanning, China; email: 315951610@qq.com",NR,Ganoderma lingzhi culture enhance growth performance via improvement of antioxidant activity and gut probiotic proliferation in Sanhuang broilers,"Liu, X.; Huang, L.; Shi, Y....",2023,Frontiers in Veterinary Science,10.3389/fvets.2023.1143649
1050,"Export Date: 03 March 2026; Cited By: 1; Correspondence Address: T. Nakagawa; Department of Molecular and Medical Pharmacology, Faculty of Medicine, University of Toyama, Toyama, Japan; email: nakagawa@med.u-toyama.ac.jp",both,NAD+ metabolism in aging,"Palikhe, S.; Nakagawa, T.",2022,"Aging Mechanisms II: Longevity, Metabolism, and Brain Aging",10.1007/978-981-16-7977-3_8
1096,"Export Date: 03 March 2026; Cited By: 13; Correspondence Address: T.K. Ito; Department of Cellular and Molecular Anatomy, Hamamatsu University School of Medicine, Hamamatsu, 431-3192, Japan; email: takashi.ito.cj@riken.jp",NMN,A nonrandomized study of single oral supplementation within the daily tolerable upper level of nicotinamide affects blood nicotinamide and NAD+ levels in healthy subjects,"Ito, T.K.; Sato, T.; Hakamata, A....",2020,Translational Medicine of Aging,10.1016/j.tma.2020.04.002
